{"blog-widget-area":{"search-2":{"title":""},"categories-2":{"title":"","count":1,"hierarchical":0,"dropdown":0},"archives-2":{"title":"","count":0,"dropdown":0},"calendar-2":{"title":""},"nova-recent-posts-2":{"title":"","number":5,"show_date":false},"tag_cloud-2":{"title":"","count":0,"taxonomy":"post_tag"}},"shop-widget-area":{"novaapf-active-filters-2":{"title":"Active filters","button_text":"Reset"},"novaapf-category-filter-2":{"title":"Categories","display_type":"list","query_type":"and","enable_multiple":"","show_count":"","hierarchical":"","show_children_only":""},"novaapf-attribute-filter-2":{"title":"Color","attr_name":"color","display_type":"list","query_type":"and","enable_multiple":"","show_count":"","hierarchical":"","show_children_only":""},"novaapf-attribute-filter-3":{"title":"Size","attr_name":"size","display_type":"list","query_type":"and","enable_multiple":"","show_count":"","hierarchical":"","show_children_only":""},"novaapf-price-filter-2":{"title":"Price","display_type":"list","show_currency":"1","price_list":[{"min":"10","to":"-","max":"19"},{"min":"20","to":"-","max":"29"},{"min":"30","to":"-","max":"39"},{"min":"40","to":"-","max":"49"},{"min":"50","to":"-","max":"99"}]},"woocommerce_product_tag_cloud-2":{"title":"Product tags"}}}