{ "ic-down-arrow": 59906, "ic-star-rate": 59907, "ic-right-arrow": 59908, "ic-e-add": 59909, "ic-e-delete": 59910, "ic-storage-unit": 59911, "ic-support-email": 59913, "ic-support-phone": 59914, "ic-support-chat": 59915, "ic-arrow-left": 59916, "ic-arrow-right": 59917, "ic-f-dashboard": 59918, "ic-single-01": 59919, "ic-p-edit": 59920, "ic-left-arrow": 59921, "ic-up-arrow": 59922, "ic-e-remove": 59923, "ic-download": 59924, "ic-t-warning": 59925, "ic-s-info": 59926, "ic-dots": 59927, "ic-log-out": 59928, "ic-small-triangle-right": 59929, "ic-small-triangle-left": 59930, "ic-load-more": 59931, "ic-fav-empty": 59932, "ic-c-remove": 59933, "ic-money": 59934, "ic-payment-method": 59935, "ic-order": 59936, "ic-favorite": 59937, "ic-favorite-2": 59938, "ic-quote": 59939, "ic-zoom": 59940, "ic-submit": 59941, "ic-check-single": 59942, "ic-shopping-cart": 59943, "ic-bag-20": 59944, "ic-save-to-list": 59945, "ic-reply": 59946, "ic-squares": 59947, "ic-launch-app": 59950, "ic-star": 59951, "ic-star_empty": 59952, "ic-loading": 59953, "ic-play": 59954, "ic-quick-view": 59956, "ic-loop-cart": 59957, "ic-configuration-tools": 59958, "ic-setup-preferences": 59959, "ic-shopping-bag": 59960, "ic-options": 59961, "ic-slider-prev": 59962, "ic-slider-next": 59963, "ic-059-quote": 59964}